{
    "EDE": {
        "H0": 72.1,
        "H0_error": 0.9,
        "Omega_m0": 0.294,
        "Omega_m0_error": 0.008,
        "Omega_b0": 0.048,
        "Omega_b0_error": 0.001,
        "Omega_c0": 0.246,
        "Omega_c0_error": 0.008,
        "sigma8": 0.829,
        "sigma8_error": 0.008,
        "S8": 0.812,
        "S8_error": 0.012,
        "w0": -0.954,
        "w0_error": 0.020,
        "wa": 0.0,
        "wa_error": 0.1,
        "Omega_r0": 8.24e-5,
        "Omega_k0": 0.0,
        "Omega_ent0": 0.706,
        "Omega_ent0_error": 0.008,
        "n_s": 0.965,
        "n_s_error": 0.004,
        "tau": 0.054,
        "tau_error": 0.007,
        "A_s": 2.1e-9,
        "A_s_error": 0.03e-9,
        "z_reion": 7.7,
        "z_reion_error": 0.8,
        "r_s": 147.0,
        "r_s_error": 0.3,
        "theta_s": 0.010413,
        "theta_s_error": 0.000005
    },
    "LCDM": {
        "H0": 67.36,
        "H0_error": 0.54,
        "Omega_m0": 0.3156,
        "Omega_m0_error": 0.0074,
        "Omega_b0": 0.0493,
        "Omega_b0_error": 0.0002,
        "Omega_c0": 0.2649,
        "Omega_c0_error": 0.007,
        "sigma8": 0.811,
        "sigma8_error": 0.006,
        "S8": 0.832,
        "S8_error": 0.013,
        "w0": -1.0,
        "w0_error": 0.0,
        "wa": 0.0,
        "wa_error": 0.0,
        "Omega_r0": 9.0e-5,
        "Omega_k0": 0.0,
        "Omega_L0": 0.6844,
        "Omega_L0_error": 0.0074,
        "n_s": 0.9649,
        "n_s_error": 0.0042,
        "tau": 0.0544,
        "tau_error": 0.0073,
        "A_s": 2.1e-9,
        "A_s_error": 0.03e-9,
        "z_reion": 7.7,
        "z_reion_error": 0.8,
        "r_s": 147.0,
        "r_s_error": 0.3,
        "theta_s": 0.010413,
        "theta_s_error": 0.000005
    },
    "constants": {
        "c": 299792458.0,
        "G": 6.67430e-11,
        "hbar": 1.054571817e-34,
        "k_B": 1.380649e-23,
        "sigma_T": 6.6524587321e-29,
        "m_e": 9.10938356e-31,
        "m_p": 1.67262192369e-27,
        "Mpc_to_m": 3.085677581e22,
        "Mpc_to_km": 3.085677581e19,
        "Gyr_to_sec": 3.15576e16,
        "rho_crit0": 1.87834e-26,
        "T_CMB0": 2.7255
    },
    "cosmology": {
        "z_equality": 3400.0,
        "z_drag": 1059.0,
        "z_star": 1089.0,
        "z_recombination": 1088.0,
        "Omega_gamma0": 5.38e-5,
        "Omega_nu0": 3.65e-5,
        "Omega_b0_h2": 0.02237,
        "Omega_c0_h2": 0.1200,
        "Omega_m0_h2": 0.1424,
        "100_theta_s": 1.0413,
        "Yp": 0.245
    }
}
